customer_id,age,tenure_months,monthly_charges,support_tickets,usage_gb,late_payments,city,gender,contract_type,internet_service,payment_method,churn
CUST0001,54,45,1969.12,2,81.81,1,Chennai,Male,Two year,Fiber optic,Net Banking,No
CUST0002,47,34,2842.35,2,446.67,1,Mumbai,Male,Month-to-month,Fiber optic,Credit Card,No
CUST0003,61,9,3130.0,0,387.65,0,,Female,One year,DSL,UPI,Yes
CUST0004,21,8,1403.3,0,192.87,2,Mumbai,Male,Two year,Fiber optic,Debit Card,No
CUST0005,28,7,1777.9,1,374.8,1,Mumbai,Female,Month-to-month,No,UPI,No
CUST0006,43,36,1626.45,2,135.82,1,Bangalore,Female,One year,DSL,Debit Card,Yes
CUST0007,58,18,342.4,3,269.68,1,Pune,Male,One year,Fiber optic,Credit Card,No
CUST0008,26,3,1247.02,2,540.15,3,Pune,Male,Month-to-month,Fiber optic,Debit Card,No
CUST0009,42,28,1769.41,0,84.45,1,Pune,Male,One year,No,Credit Card,No
CUST0010,45,70,1615.5,1,235.08,2,Mumbai,Female,One year,No,Debit Card,No
CUST0011,38,44,2610.17,4,493.58,1,Chennai,Male,Two year,Fiber optic,Credit Card,No
CUST0012,37,21,1531.37,1,581.85,2,Pune,Female,Month-to-month,DSL,Credit Card,Yes
CUST0013,32,28,1866.0,3,275.09,1,Mumbai,Male,Month-to-month,Fiber optic,Net Banking,Yes
CUST0014,26,54,1674.75,0,306.66,1,Bangalore,Male,Two year,No,Credit Card,No
CUST0015,46,54,2670.0,1,345.44,1,Chennai,Female,Two year,Fiber optic,Net Banking,No
CUST0016,47,65,3061.51,3,559.75,2,Bangalore,Female,Month-to-month,No,Credit Card,No
CUST0017,28,21,2002.05,2,515.63,1,Chennai,Male,One year,DSL,UPI,No
CUST0018,39,13,2826.18,3,106.51,1,Mumbai,Female,Month-to-month,DSL,Credit Card,No
CUST0019,62,57,1249.72,1,264.87,1,Hyderabad,Female,Month-to-month,DSL,UPI,No
CUST0020,21,49,2032.38,1,281.08,0,Chennai,Female,Month-to-month,Fiber optic,UPI,No
CUST0021,49,54,1404.74,2,474.51,0,Bangalore,Female,Month-to-month,Fiber optic,Credit Card,No
CUST0022,65,10,1625.44,2,363.72,0,Mumbai,Female,One year,Fiber optic,UPI,No
CUST0023,69,53,,2,394.26,0,Chennai,Male,Month-to-month,Fiber optic,Net Banking,Yes
CUST0024,55,44,3121.32,4,598.93,0,Hyderabad,Male,Two year,DSL,Debit Card,No
CUST0025,60,47,688.79,1,49.6,0,Hyderabad,Female,Two year,Fiber optic,Credit Card,Yes
CUST0026,34,53,2330.85,2,137.69,0,Pune,Male,One year,Fiber optic,UPI,No
CUST0027,55,46,,2,247.7,1,Pune,Male,Month-to-month,No,Credit Card,No
CUST0028,68,13,678.93,2,211.93,1,Bangalore,Female,Month-to-month,No,Net Banking,Yes
CUST0029,65,37,978.06,2,17.88,1,Chennai,Male,One year,No,Credit Card,No
CUST0030,40,24,1295.21,2,59.61,2,Chennai,Female,One year,No,Credit Card,No
CUST0031,69,2,834.18,2,410.17,2,Pune,Female,Month-to-month,Fiber optic,UPI,No
CUST0032,33,14,1079.93,1,528.2,2,Chennai,Male,Two year,Fiber optic,Net Banking,No
CUST0033,58,10,1156.32,1,310.97,0,Chennai,Female,One year,DSL,Debit Card,No
CUST0034,69,35,1374.16,3,325.82,3,Hyderabad,Female,Two year,DSL,Debit Card,Yes
CUST0035,66,25,2698.05,1,156.78,0,Pune,Female,One year,Fiber optic,UPI,Yes
CUST0036,69,3,,2,461.89,1,Mumbai,Female,One year,DSL,Credit Card,No
CUST0037,28,17,3455.99,3,452.32,0,Pune,Female,Month-to-month,Fiber optic,UPI,Yes
CUST0038,63,12,1627.15,3,355.08,1,Mumbai,Male,Two year,Fiber optic,UPI,No
CUST0039,40,54,2712.37,5,131.54,0,Hyderabad,Male,Two year,DSL,UPI,Yes
CUST0040,53,24,3088.7,1,62.73,1,Bangalore,Female,Month-to-month,DSL,Credit Card,Yes
CUST0041,46,29,2472.73,3,43.22,1,Chennai,Female,Month-to-month,DSL,Net Banking,No
CUST0042,59,43,1617.97,2,357.65,1,Hyderabad,Male,Month-to-month,Fiber optic,UPI,No
CUST0043,41,25,2711.5,3,495.9,0,Chennai,Female,One year,No,Credit Card,No
CUST0044,69,60,951.73,1,515.71,1,Bangalore,Male,Two year,Fiber optic,Net Banking,No
CUST0045,62,65,1348.17,1,280.86,0,Bangalore,Female,Month-to-month,Fiber optic,UPI,No
CUST0046,63,28,2049.39,4,471.64,1,Hyderabad,Female,One year,No,Debit Card,Yes
CUST0047,61,16,2141.31,0,568.39,0,Bangalore,Female,Month-to-month,No,Net Banking,Yes
CUST0048,29,47,370.85,4,168.73,1,Mumbai,Female,Two year,No,UPI,No
CUST0049,44,58,3324.37,2,241.79,1,Bangalore,Female,One year,DSL,Net Banking,No
CUST0050,57,27,2529.21,1,559.23,0,Chennai,Female,One year,DSL,Net Banking,No
CUST0051,69,53,1886.25,0,206.25,1,Chennai,Female,Month-to-month,DSL,Net Banking,No
CUST0052,61,42,3286.01,3,548.76,1,Chennai,Male,Month-to-month,Fiber optic,Net Banking,No
CUST0053,37,59,1705.11,1,588.72,0,Chennai,Male,Month-to-month,Fiber optic,Net Banking,No
CUST0054,44,47,3437.39,1,398.78,1,Mumbai,Male,Month-to-month,Fiber optic,Net Banking,Yes
CUST0055,41,34,1939.31,2,491.05,1,Pune,Female,Two year,Fiber optic,UPI,No
CUST0056,59,37,665.71,0,450.98,0,Hyderabad,Female,One year,DSL,Debit Card,No
CUST0057,61,6,2747.36,5,421.22,0,Chennai,Female,Two year,Fiber optic,Credit Card,No
CUST0058,59,7,2472.47,3,187.62,0,Bangalore,Female,Two year,Fiber optic,Net Banking,No
CUST0059,33,25,2773.56,0,38.97,2,Chennai,Female,One year,Fiber optic,Credit Card,Yes
CUST0060,31,33,3344.61,3,209.12,0,Bangalore,Female,One year,DSL,UPI,No
CUST0061,66,55,2784.77,1,401.83,0,Bangalore,Female,Two year,Fiber optic,Net Banking,Yes
CUST0062,39,58,2256.28,0,66.0,1,Chennai,Male,One year,No,Debit Card,No
CUST0063,31,7,3043.39,1,12.09,4,Mumbai,Female,Month-to-month,Fiber optic,Credit Card,Yes
CUST0064,33,57,2454.39,1,88.12,1,Bangalore,Male,Month-to-month,Fiber optic,Net Banking,No
CUST0065,66,12,1605.98,1,430.86,2,Bangalore,Male,Month-to-month,DSL,UPI,Yes
CUST0066,65,16,3133.98,0,583.81,1,Chennai,Female,Two year,DSL,Debit Card,No
CUST0067,21,43,1010.08,1,589.92,4,Bangalore,Female,One year,Fiber optic,Credit Card,No
CUST0068,60,7,2586.85,2,298.92,4,Bangalore,Male,Month-to-month,DSL,Credit Card,Yes
CUST0069,64,51,3121.0,4,522.26,3,Chennai,Male,One year,DSL,Net Banking,Yes
CUST0070,39,32,2640.21,3,443.41,0,Chennai,Female,One year,Fiber optic,Debit Card,No
CUST0071,32,8,2531.28,1,303.12,1,Hyderabad,Female,Month-to-month,No,Debit Card,No
CUST0072,28,45,2708.44,3,345.79,0,Mumbai,Male,Month-to-month,DSL,Debit Card,No
CUST0073,28,59,1788.18,1,86.65,0,Mumbai,Female,One year,DSL,Debit Card,No
CUST0074,65,4,3097.35,2,562.91,1,Bangalore,Female,Month-to-month,No,UPI,No
CUST0075,32,67,951.0,2,214.4,0,Mumbai,Female,One year,No,Debit Card,Yes
CUST0076,68,29,707.64,2,270.46,4,Bangalore,Male,Month-to-month,DSL,Credit Card,Yes
CUST0077,53,29,1213.63,1,404.64,0,Hyderabad,Male,Two year,DSL,Credit Card,No
CUST0078,65,28,2001.05,0,203.67,2,Chennai,Male,One year,DSL,UPI,No
CUST0079,46,44,1933.8,3,156.28,0,Chennai,Female,One year,DSL,Credit Card,No
CUST0080,59,4,2925.92,1,380.47,1,Chennai,Female,Two year,DSL,Credit Card,No
CUST0081,48,9,1594.62,0,19.87,1,Mumbai,Male,Month-to-month,DSL,Debit Card,No
CUST0082,25,5,1849.9,2,433.83,1,Hyderabad,Male,Month-to-month,Fiber optic,Credit Card,No
CUST0083,28,56,342.78,0,310.84,0,Mumbai,Male,Month-to-month,No,UPI,No
CUST0084,45,50,1611.17,1,365.42,0,Mumbai,Female,One year,No,Debit Card,No
CUST0085,47,15,2372.88,2,380.97,3,Hyderabad,Male,One year,Fiber optic,Net Banking,Yes
CUST0086,66,32,349.63,1,318.59,1,Hyderabad,Male,One year,DSL,Debit Card,No
CUST0087,43,28,1198.82,5,351.61,0,Hyderabad,Female,Month-to-month,Fiber optic,UPI,Yes
CUST0088,50,22,965.46,3,411.85,0,Hyderabad,Female,Month-to-month,Fiber optic,Debit Card,No
CUST0089,65,17,434.35,1,453.11,1,Chennai,Female,Month-to-month,DSL,Debit Card,No
CUST0090,67,59,1833.63,1,437.83,0,Pune,Male,Month-to-month,Fiber optic,UPI,No
CUST0091,43,71,881.51,0,522.42,2,Pune,Female,One year,DSL,Debit Card,No
CUST0092,69,57,2677.86,0,117.72,0,Hyderabad,Female,Month-to-month,DSL,UPI,Yes
CUST0093,67,26,3013.37,2,243.68,1,Pune,Male,Month-to-month,DSL,UPI,Yes
CUST0094,40,25,2045.87,2,568.94,1,,Female,Two year,Fiber optic,Net Banking,No
CUST0095,38,10,3441.46,4,240.97,2,Hyderabad,Male,Month-to-month,Fiber optic,Credit Card,No
CUST0096,38,45,1741.53,0,79.3,2,Pune,Male,Month-to-month,DSL,Credit Card,No
CUST0097,22,11,1942.78,1,317.64,1,Mumbai,Female,One year,No,Debit Card,No
CUST0098,24,53,3465.5,1,70.15,0,Bangalore,Female,Month-to-month,DSL,Debit Card,No
CUST0099,50,68,1040.95,1,125.7,1,Bangalore,Female,One year,Fiber optic,Net Banking,No
CUST0100,53,28,3316.15,2,599.0,2,Hyderabad,Female,Two year,DSL,Net Banking,Yes
CUST0101,56,65,437.08,0,327.11,2,Chennai,Female,Two year,DSL,Net Banking,No
CUST0102,38,49,1728.44,1,174.01,2,Hyderabad,Female,Month-to-month,DSL,UPI,No
CUST0103,57,47,524.01,0,596.89,1,Chennai,Male,Two year,Fiber optic,Net Banking,No
CUST0104,39,52,2633.55,3,580.1,1,Bangalore,Male,Month-to-month,DSL,Net Banking,No
CUST0105,67,54,2246.91,2,267.24,0,Hyderabad,Female,Month-to-month,DSL,Debit Card,No
CUST0106,48,60,2561.23,1,159.94,0,Mumbai,Male,Month-to-month,No,Net Banking,No
CUST0107,60,57,1498.34,1,503.85,1,Pune,Female,Two year,Fiber optic,UPI,No
CUST0108,40,47,1482.34,2,430.79,3,Chennai,Male,Month-to-month,DSL,UPI,No
CUST0109,69,31,445.02,1,413.73,0,Pune,Male,Month-to-month,No,Debit Card,Yes
CUST0110,53,46,1419.82,0,536.4,3,Pune,Male,One year,Fiber optic,Net Banking,Yes
CUST0111,32,26,3273.72,5,415.2,0,Hyderabad,Female,Month-to-month,No,Net Banking,Yes
CUST0112,35,5,1513.52,4,173.86,2,Pune,Male,Month-to-month,DSL,UPI,No
CUST0113,61,52,2960.38,2,417.85,0,Mumbai,Female,Month-to-month,Fiber optic,Net Banking,No
CUST0114,59,54,2995.44,0,186.96,2,Pune,Male,Month-to-month,Fiber optic,Net Banking,Yes
CUST0115,22,33,1494.37,3,456.75,2,Hyderabad,Male,Month-to-month,DSL,Net Banking,No
CUST0116,49,50,2322.36,2,373.75,3,Mumbai,Male,Month-to-month,Fiber optic,Credit Card,Yes
CUST0117,61,38,605.19,6,51.06,0,Bangalore,Male,One year,DSL,Debit Card,Yes
CUST0118,30,27,631.77,3,310.14,0,Pune,Male,Month-to-month,Fiber optic,Credit Card,Yes
CUST0119,22,15,455.7,1,209.26,3,Hyderabad,Female,Month-to-month,DSL,Debit Card,No
CUST0120,31,61,2159.25,2,200.5,2,Bangalore,Female,Two year,Fiber optic,UPI,No
CUST0121,33,21,1663.43,1,363.34,1,Bangalore,Male,Month-to-month,No,Net Banking,No
CUST0122,30,46,2053.7,3,196.78,2,Chennai,Male,One year,No,Debit Card,No
CUST0123,34,69,1967.43,0,467.25,0,Mumbai,Male,Month-to-month,No,Credit Card,No
CUST0124,38,6,1420.65,4,47.12,1,Pune,Male,Month-to-month,DSL,Net Banking,No
CUST0125,29,38,2467.91,3,397.93,2,Hyderabad,Female,Month-to-month,Fiber optic,UPI,No
CUST0126,59,62,2727.21,1,486.47,1,Chennai,Male,Month-to-month,DSL,Debit Card,No
CUST0127,48,62,346.81,2,405.33,3,Mumbai,Female,Month-to-month,Fiber optic,Debit Card,No
CUST0128,23,46,963.18,0,300.85,1,Chennai,Male,Month-to-month,Fiber optic,Debit Card,No
CUST0129,40,13,2582.35,6,570.43,1,Mumbai,Female,Month-to-month,Fiber optic,,No
CUST0130,26,3,1537.18,3,183.46,1,Mumbai,Male,Month-to-month,Fiber optic,Credit Card,Yes
CUST0131,47,6,2419.95,1,16.4,0,Pune,Male,Month-to-month,DSL,Credit Card,Yes
CUST0132,22,8,1410.28,0,262.03,0,Mumbai,Female,Month-to-month,DSL,Debit Card,Yes
CUST0133,49,44,1550.42,3,24.64,0,Chennai,Male,Month-to-month,Fiber optic,UPI,No
CUST0134,58,33,807.77,0,572.59,0,Mumbai,Male,Month-to-month,Fiber optic,UPI,No
CUST0135,23,50,1126.34,2,129.9,4,Pune,Male,One year,No,Credit Card,No
CUST0136,36,11,2237.32,2,474.41,1,Pune,Female,Month-to-month,Fiber optic,UPI,No
CUST0137,50,28,1686.12,3,465.87,0,Chennai,Male,One year,Fiber optic,Credit Card,No
CUST0138,60,70,2777.77,2,134.55,1,Bangalore,Male,One year,Fiber optic,Debit Card,No
CUST0139,22,41,3028.27,2,374.63,1,Bangalore,Female,Month-to-month,DSL,Credit Card,No
CUST0140,37,16,2033.27,2,33.61,2,Mumbai,Female,Two year,DSL,Credit Card,No
CUST0141,61,68,2726.46,3,292.73,1,Hyderabad,Female,Two year,Fiber optic,Debit Card,No
CUST0142,32,48,1282.09,2,13.72,1,Mumbai,Male,Month-to-month,Fiber optic,UPI,Yes
CUST0143,55,56,1627.91,1,553.08,2,Chennai,Male,Month-to-month,DSL,Credit Card,No
CUST0144,63,64,2580.89,2,585.77,4,Chennai,Male,One year,DSL,Credit Card,No
CUST0145,21,59,1535.88,3,137.26,1,Chennai,Female,One year,Fiber optic,Debit Card,No
CUST0146,65,62,2183.22,2,128.82,0,Chennai,Male,Month-to-month,No,UPI,No
CUST0147,35,11,893.19,0,453.46,2,Chennai,Male,Month-to-month,Fiber optic,Credit Card,Yes
CUST0148,46,18,2219.27,3,155.76,0,Pune,Female,Month-to-month,Fiber optic,Debit Card,Yes
CUST0149,57,19,3056.84,3,537.57,1,Bangalore,Female,Month-to-month,No,Credit Card,No
CUST0150,41,55,3079.65,2,346.49,0,Chennai,Female,One year,Fiber optic,Net Banking,No
CUST0151,69,26,2617.9,1,213.71,0,Hyderabad,Female,Month-to-month,DSL,Debit Card,No
CUST0152,51,6,2686.41,6,500.45,1,Hyderabad,Female,Month-to-month,Fiber optic,UPI,Yes
CUST0153,45,4,2085.37,6,298.58,0,Hyderabad,Male,One year,Fiber optic,UPI,No
CUST0154,43,29,2170.94,3,547.42,1,Hyderabad,Female,Month-to-month,No,UPI,No
CUST0155,44,59,727.68,3,557.17,5,Pune,Male,Month-to-month,Fiber optic,UPI,No
CUST0156,58,17,1720.35,2,103.42,2,Hyderabad,Male,One year,No,Credit Card,No
CUST0157,48,43,1742.48,0,6.38,0,Chennai,Female,Two year,Fiber optic,Credit Card,No
CUST0158,41,66,3367.19,1,590.44,2,Mumbai,Female,Month-to-month,Fiber optic,UPI,No
CUST0159,63,34,1679.48,1,544.15,1,Hyderabad,Female,Month-to-month,Fiber optic,,No
CUST0160,38,8,2057.9,0,37.99,1,Pune,Male,Month-to-month,DSL,UPI,No
CUST0161,56,13,2006.4,4,500.66,2,Pune,Female,Month-to-month,Fiber optic,Credit Card,No
CUST0162,55,8,2337.64,3,277.39,2,Hyderabad,Female,Month-to-month,No,UPI,No
CUST0163,65,65,2694.35,3,159.08,0,Mumbai,Female,Month-to-month,Fiber optic,UPI,No
CUST0164,29,43,1020.13,1,527.85,2,Hyderabad,Female,Month-to-month,No,,No
CUST0165,58,39,1991.92,2,122.02,0,Pune,Female,Month-to-month,Fiber optic,Net Banking,No
CUST0166,50,59,2942.94,2,568.64,2,Bangalore,Male,Month-to-month,No,UPI,No
CUST0167,64,44,1781.97,1,127.34,0,Chennai,Male,Month-to-month,DSL,Debit Card,No
CUST0168,54,9,1191.06,2,370.14,0,Pune,Male,Month-to-month,DSL,UPI,No
CUST0169,52,37,2395.07,0,137.74,1,Hyderabad,Female,Month-to-month,DSL,Net Banking,No
CUST0170,23,36,,1,329.67,1,Chennai,Female,Month-to-month,DSL,Debit Card,Yes
CUST0171,23,28,502.05,0,411.97,1,,Female,Two year,DSL,Debit Card,No
CUST0172,48,42,2785.73,1,118.19,0,Hyderabad,Male,One year,Fiber optic,UPI,No
CUST0173,64,43,2929.27,3,314.93,2,Bangalore,Female,One year,Fiber optic,Net Banking,Yes
CUST0174,35,42,1776.87,2,284.09,2,Chennai,Female,One year,No,Net Banking,No
CUST0175,61,66,3446.58,3,47.27,1,Chennai,Female,Month-to-month,DSL,Debit Card,No
CUST0176,43,55,2817.47,2,491.89,1,Bangalore,Male,Month-to-month,DSL,UPI,No
CUST0177,60,48,2775.72,1,204.73,0,Pune,Female,Month-to-month,Fiber optic,Credit Card,Yes
CUST0178,31,22,2693.08,3,346.88,1,Hyderabad,Male,One year,Fiber optic,Credit Card,No
CUST0179,68,27,781.95,1,311.3,1,Mumbai,Female,One year,Fiber optic,Net Banking,No
CUST0180,52,67,995.14,2,310.39,0,Hyderabad,Male,Month-to-month,DSL,Credit Card,No
CUST0181,56,13,1784.77,3,68.8,3,Hyderabad,Male,Month-to-month,Fiber optic,Net Banking,No
CUST0182,53,45,1144.81,2,256.97,2,Pune,Male,Month-to-month,Fiber optic,Net Banking,No
CUST0183,44,10,1628.77,1,274.16,2,Hyderabad,Female,Month-to-month,Fiber optic,Net Banking,No
CUST0184,59,9,3143.09,4,441.52,3,Bangalore,Female,One year,Fiber optic,Credit Card,Yes
CUST0185,54,54,2937.85,1,504.81,0,Bangalore,Male,One year,DSL,Net Banking,No
CUST0186,48,27,2316.13,2,329.26,1,Chennai,Male,Month-to-month,Fiber optic,Debit Card,No
CUST0187,57,34,3045.99,0,56.64,0,Mumbai,Female,Two year,DSL,UPI,Yes
CUST0188,27,1,2808.07,0,145.93,0,Hyderabad,Female,One year,Fiber optic,UPI,No
CUST0189,24,32,1672.75,1,103.14,0,Hyderabad,Male,Month-to-month,Fiber optic,Net Banking,No
CUST0190,57,71,943.41,3,79.15,3,Pune,Female,Month-to-month,Fiber optic,UPI,No
CUST0191,21,67,1945.44,1,222.71,3,Bangalore,Female,Month-to-month,Fiber optic,Credit Card,No
CUST0192,21,20,2655.93,1,141.49,0,Mumbai,Female,Month-to-month,Fiber optic,Credit Card,Yes
CUST0193,67,35,1696.54,0,134.89,2,Chennai,Female,Month-to-month,Fiber optic,UPI,No
CUST0194,40,17,2433.67,2,37.54,1,Bangalore,Male,Month-to-month,DSL,Credit Card,No
CUST0195,39,18,601.85,1,15.51,2,Chennai,Female,Month-to-month,Fiber optic,UPI,Yes
CUST0196,49,45,2693.62,2,66.15,1,Pune,Female,Month-to-month,DSL,UPI,No
CUST0197,30,53,2900.68,1,107.46,0,Pune,Male,Two year,No,UPI,No
CUST0198,38,68,2561.88,1,261.44,0,Hyderabad,Male,Month-to-month,DSL,Net Banking,Yes
CUST0199,48,65,3395.24,4,308.76,0,Mumbai,Female,Month-to-month,Fiber optic,UPI,No
CUST0200,55,1,2945.29,2,88.65,1,Chennai,Female,Month-to-month,Fiber optic,Net Banking,Yes
CUST0201,63,58,3189.9,0,257.75,0,Bangalore,Female,Two year,Fiber optic,UPI,No
CUST0202,67,26,3287.43,1,208.34,2,Pune,Female,Month-to-month,Fiber optic,UPI,Yes
CUST0203,51,20,2864.31,2,114.14,1,Hyderabad,Male,Month-to-month,No,UPI,Yes
CUST0204,47,10,2457.63,4,9.07,0,Hyderabad,Male,Two year,Fiber optic,Credit Card,No
CUST0205,31,59,318.3,1,282.88,1,Chennai,Male,Two year,Fiber optic,Net Banking,No
CUST0206,69,41,1790.64,0,412.96,1,Pune,Female,One year,DSL,Net Banking,No
CUST0207,69,5,2127.72,3,139.64,2,Mumbai,Female,Month-to-month,DSL,UPI,Yes
CUST0208,58,65,1272.9,1,83.43,0,Pune,Female,Month-to-month,DSL,UPI,No
CUST0209,25,17,1317.93,5,532.79,3,Chennai,Female,One year,Fiber optic,Credit Card,No
CUST0210,28,22,3375.71,2,168.64,1,Chennai,Male,Two year,Fiber optic,Credit Card,No
CUST0211,54,41,3153.47,6,138.05,1,Pune,Male,One year,DSL,Credit Card,No
CUST0212,68,68,3017.37,0,514.97,3,Chennai,Female,One year,Fiber optic,Net Banking,No
CUST0213,32,69,1599.24,2,491.18,0,Pune,Male,Month-to-month,Fiber optic,Net Banking,Yes
CUST0214,58,11,343.84,1,271.77,1,Bangalore,Female,One year,Fiber optic,Net Banking,No
CUST0215,21,56,556.71,2,296.1,0,Pune,Female,Month-to-month,Fiber optic,UPI,No
CUST0216,51,51,1299.03,0,134.56,0,Pune,Male,Month-to-month,Fiber optic,Net Banking,No
CUST0217,24,21,350.38,2,51.59,0,Chennai,Female,Month-to-month,Fiber optic,Debit Card,No
CUST0218,69,26,354.88,2,346.19,2,Chennai,Female,Month-to-month,DSL,Debit Card,No
CUST0219,65,19,3233.13,1,63.52,1,Hyderabad,Male,Month-to-month,DSL,Credit Card,No
CUST0220,25,60,2559.71,3,272.32,0,Hyderabad,Female,Month-to-month,DSL,Net Banking,No
CUST0221,50,71,1288.66,1,564.6,2,Bangalore,Female,One year,Fiber optic,Debit Card,No
CUST0222,44,47,724.46,0,571.94,2,Hyderabad,Male,Month-to-month,Fiber optic,Credit Card,No
CUST0223,23,71,1937.23,1,147.4,1,Pune,Female,One year,Fiber optic,Net Banking,No
CUST0224,31,26,317.11,1,376.35,0,Chennai,Male,Month-to-month,DSL,UPI,Yes
CUST0225,65,40,3302.92,2,287.08,3,Hyderabad,Female,Month-to-month,DSL,Debit Card,No
CUST0226,24,5,1627.41,3,526.03,0,Hyderabad,Male,Month-to-month,Fiber optic,UPI,No
CUST0227,46,21,1587.47,5,166.5,1,Bangalore,Male,Month-to-month,No,Net Banking,Yes
CUST0228,47,4,1549.9,1,7.2,1,Bangalore,Male,Month-to-month,Fiber optic,Debit Card,No
CUST0229,66,23,521.85,2,101.72,2,Pune,Female,Month-to-month,DSL,Net Banking,Yes
CUST0230,63,15,2342.63,3,212.97,0,Chennai,Male,Month-to-month,DSL,UPI,No
CUST0231,47,8,2645.61,3,192.85,0,Bangalore,Male,Two year,No,Debit Card,No
CUST0232,62,41,2463.6,3,475.86,1,Hyderabad,Male,Month-to-month,DSL,UPI,No
CUST0233,26,19,742.99,0,409.93,3,Chennai,Male,One year,DSL,Net Banking,No
CUST0234,35,46,2152.29,3,183.24,0,Chennai,Male,Month-to-month,Fiber optic,Net Banking,No
CUST0235,50,28,2122.35,3,277.36,0,Hyderabad,Female,One year,DSL,UPI,No
CUST0236,62,68,3078.91,2,61.86,1,Bangalore,Female,One year,Fiber optic,Debit Card,No
CUST0237,57,15,1513.21,4,539.4,4,Hyderabad,Female,One year,No,UPI,Yes
CUST0238,57,37,1488.76,2,561.58,1,Chennai,Female,Month-to-month,DSL,Net Banking,Yes
CUST0239,62,1,2279.29,1,587.98,0,Mumbai,Female,Month-to-month,DSL,UPI,No
CUST0240,57,67,2325.83,0,521.79,1,Mumbai,Female,Month-to-month,Fiber optic,Net Banking,Yes
CUST0241,55,24,1801.71,2,108.51,0,Pune,Female,Two year,DSL,UPI,No
CUST0242,43,27,1717.79,0,32.49,2,Hyderabad,Male,One year,DSL,Debit Card,No
CUST0243,26,40,1881.27,3,349.86,1,Hyderabad,Female,Two year,DSL,Debit Card,No
CUST0244,24,63,3055.34,1,548.0,1,Pune,Male,Month-to-month,Fiber optic,UPI,No
CUST0245,38,61,1775.73,0,110.52,2,Pune,Male,One year,Fiber optic,UPI,No
CUST0246,29,36,3307.78,2,9.19,1,Pune,Female,Two year,Fiber optic,Debit Card,No
CUST0247,69,24,1912.81,0,484.27,1,Chennai,Male,Month-to-month,Fiber optic,Net Banking,No
CUST0248,49,24,3337.44,1,50.69,1,Hyderabad,Male,Month-to-month,No,Debit Card,Yes
CUST0249,33,4,2965.06,1,251.16,0,Chennai,Male,One year,Fiber optic,Net Banking,No
CUST0250,67,67,1459.78,2,408.94,2,Pune,Male,One year,No,UPI,No
CUST0251,37,34,3063.65,1,145.89,1,Hyderabad,Female,One year,Fiber optic,UPI,No
CUST0252,65,57,652.2,0,54.96,1,Chennai,Female,Month-to-month,Fiber optic,Net Banking,Yes
CUST0253,52,49,3260.15,1,463.16,0,Chennai,Female,One year,DSL,UPI,No
CUST0254,68,53,2321.26,0,379.95,2,Pune,Female,Month-to-month,DSL,Net Banking,Yes
CUST0255,42,23,474.05,2,593.15,0,Hyderabad,Female,Month-to-month,Fiber optic,Credit Card,No
CUST0256,24,69,2361.62,2,209.86,2,Pune,Female,Month-to-month,DSL,Debit Card,No
CUST0257,25,53,3417.59,1,41.75,2,Hyderabad,Female,One year,DSL,Credit Card,No
CUST0258,57,62,523.36,2,441.94,2,Mumbai,Female,One year,Fiber optic,Net Banking,No
CUST0259,61,41,2075.0,3,315.43,0,Bangalore,Female,Month-to-month,No,Debit Card,Yes
CUST0260,69,57,2692.94,1,131.86,2,Bangalore,Female,Month-to-month,No,Net Banking,No
CUST0261,33,60,2892.83,2,470.13,1,Bangalore,Male,Two year,DSL,Debit Card,No
CUST0262,54,54,1624.25,3,126.23,1,Pune,Female,Month-to-month,Fiber optic,Debit Card,No
CUST0263,65,70,953.33,2,160.09,1,Mumbai,Male,One year,DSL,Debit Card,No
CUST0264,42,57,435.5,3,60.05,2,,Male,Month-to-month,Fiber optic,Debit Card,Yes
CUST0265,43,10,2155.12,2,242.66,0,Chennai,Male,Month-to-month,Fiber optic,Net Banking,No
CUST0266,23,40,1749.32,2,254.26,0,Hyderabad,Male,Month-to-month,Fiber optic,Debit Card,Yes
CUST0267,62,7,3335.98,1,311.16,1,Chennai,Female,Month-to-month,Fiber optic,Debit Card,No
CUST0268,54,38,493.94,6,426.83,0,Hyderabad,Male,One year,No,Credit Card,Yes
CUST0269,52,61,2493.27,2,544.13,1,Mumbai,Female,Month-to-month,DSL,UPI,No
CUST0270,65,3,379.89,2,86.95,0,Chennai,Female,Month-to-month,DSL,UPI,No
CUST0271,69,51,848.59,1,37.34,0,Pune,Male,Two year,Fiber optic,Credit Card,No
CUST0272,41,47,1751.45,1,16.03,0,Hyderabad,Female,Month-to-month,Fiber optic,Credit Card,No
CUST0273,66,68,1755.59,1,90.45,0,Hyderabad,Male,Month-to-month,Fiber optic,Net Banking,No
CUST0274,64,38,2494.24,2,396.48,1,Chennai,Male,Two year,No,Net Banking,Yes
CUST0275,41,36,3212.68,5,437.85,1,Pune,Female,One year,Fiber optic,Net Banking,Yes
CUST0276,64,41,2344.9,2,472.97,0,Pune,Female,Month-to-month,No,Credit Card,No
CUST0277,31,69,3351.31,1,150.01,0,Mumbai,Male,Two year,DSL,Credit Card,No
CUST0278,59,13,3121.17,1,187.01,0,Pune,Female,One year,Fiber optic,Debit Card,No
CUST0279,24,58,2170.4,2,292.47,1,Pune,Female,Month-to-month,DSL,Net Banking,Yes
CUST0280,21,50,2968.13,3,42.59,0,Pune,Female,Month-to-month,Fiber optic,Net Banking,No
CUST0281,48,30,2356.25,1,368.63,0,Bangalore,Male,One year,No,Net Banking,Yes
CUST0282,44,62,551.39,2,590.32,0,Mumbai,Male,One year,No,UPI,No
CUST0283,55,25,2669.81,5,219.68,0,,Female,Month-to-month,Fiber optic,Debit Card,No
CUST0284,33,27,603.71,1,452.94,1,Chennai,Female,Two year,Fiber optic,Net Banking,Yes
CUST0285,67,51,2201.06,2,302.52,1,Hyderabad,Female,One year,DSL,Net Banking,No
CUST0286,54,57,2548.45,4,81.05,3,Mumbai,Female,Month-to-month,No,Net Banking,No
CUST0287,31,47,512.89,4,351.43,2,Chennai,Female,Month-to-month,Fiber optic,UPI,No
CUST0288,56,39,1038.54,3,183.43,2,Mumbai,Male,Month-to-month,DSL,UPI,Yes
CUST0289,37,16,3230.15,2,25.47,0,Pune,Female,One year,DSL,Credit Card,No
CUST0290,55,22,2272.21,2,382.78,0,Chennai,Male,Month-to-month,DSL,Debit Card,No
CUST0291,38,54,1088.12,1,516.06,1,Pune,Female,One year,Fiber optic,Credit Card,No
CUST0292,60,21,2510.18,1,210.14,2,Hyderabad,Male,One year,DSL,Debit Card,No
CUST0293,42,16,2209.68,1,237.23,2,Hyderabad,Female,Two year,No,UPI,Yes
CUST0294,44,59,1905.04,3,535.16,3,Chennai,Male,Month-to-month,Fiber optic,Net Banking,Yes
CUST0295,39,31,3423.8,4,489.1,2,Chennai,Female,One year,Fiber optic,Credit Card,No
CUST0296,57,42,2487.05,0,430.4,3,Mumbai,Male,Month-to-month,No,Net Banking,Yes
CUST0297,59,32,1501.41,3,153.03,1,Mumbai,Male,One year,Fiber optic,Credit Card,No
CUST0298,41,59,2860.23,3,546.58,0,Pune,Male,Month-to-month,No,UPI,No
CUST0299,28,34,3130.67,2,96.88,1,Chennai,Male,Month-to-month,Fiber optic,UPI,No
CUST0300,48,9,700.71,3,377.93,0,Hyderabad,Male,One year,Fiber optic,UPI,No
CUST0301,25,11,941.77,5,22.14,2,Mumbai,Male,Month-to-month,No,Credit Card,Yes
CUST0302,37,10,991.93,3,388.01,1,Mumbai,Female,Month-to-month,Fiber optic,Debit Card,No
CUST0303,57,17,2511.88,1,169.9,0,Hyderabad,Male,One year,DSL,Credit Card,Yes
CUST0304,56,68,2229.73,2,272.56,2,Mumbai,Female,One year,Fiber optic,Debit Card,No
CUST0305,39,48,2280.77,0,210.43,1,Pune,Female,One year,DSL,Credit Card,No
CUST0306,47,52,3310.47,2,107.79,0,Chennai,Female,One year,Fiber optic,Credit Card,No
CUST0307,54,25,2782.92,3,375.08,0,Hyderabad,Female,Month-to-month,Fiber optic,UPI,No
CUST0308,31,21,709.4,4,529.78,2,Chennai,Female,Month-to-month,No,Net Banking,Yes
CUST0309,65,65,1412.02,0,575.66,2,Mumbai,Male,Month-to-month,Fiber optic,Net Banking,No
CUST0310,67,63,1693.26,1,119.45,0,Mumbai,Male,Month-to-month,DSL,Debit Card,No
CUST0311,32,51,1567.08,1,431.84,0,Hyderabad,Male,Two year,Fiber optic,Net Banking,No
CUST0312,41,36,2441.79,1,400.28,1,Pune,Female,One year,DSL,Credit Card,No
CUST0313,31,66,3154.06,0,209.31,1,Bangalore,Male,Month-to-month,Fiber optic,Credit Card,No
CUST0314,59,15,1279.36,1,16.36,1,Hyderabad,Male,Month-to-month,No,UPI,No
CUST0315,48,39,2066.01,2,415.43,1,Bangalore,Male,Two year,Fiber optic,UPI,No
CUST0316,25,70,2826.11,3,567.57,3,Bangalore,Male,Month-to-month,Fiber optic,Net Banking,Yes
CUST0317,37,1,1631.9,4,381.11,0,Pune,Male,One year,Fiber optic,Debit Card,No
CUST0318,40,23,837.98,1,264.0,0,Bangalore,Female,Month-to-month,Fiber optic,Net Banking,Yes
CUST0319,61,39,1819.84,4,317.47,0,Bangalore,Male,One year,DSL,Net Banking,No
CUST0320,66,57,476.71,1,123.78,1,Pune,Female,Month-to-month,Fiber optic,Net Banking,No
CUST0321,32,34,3315.63,2,451.57,0,Bangalore,Female,Two year,DSL,Net Banking,No
CUST0322,26,41,539.43,1,449.12,1,Bangalore,Female,Two year,Fiber optic,Credit Card,No
CUST0323,37,13,1703.06,2,91.58,0,Bangalore,Female,One year,Fiber optic,Debit Card,No
CUST0324,39,70,1995.62,5,527.4,0,Hyderabad,Female,One year,DSL,Credit Card,No
CUST0325,46,6,3452.97,2,165.17,1,Hyderabad,Male,Two year,DSL,Debit Card,No
CUST0326,68,52,831.27,0,589.44,0,Hyderabad,Male,One year,Fiber optic,UPI,No
CUST0327,64,3,666.18,2,232.83,2,Pune,Male,Month-to-month,Fiber optic,Net Banking,No
CUST0328,64,63,327.86,2,110.84,3,Mumbai,Female,One year,Fiber optic,Credit Card,No
CUST0329,52,49,797.83,2,214.27,0,Bangalore,Male,One year,DSL,Debit Card,No
CUST0330,26,47,963.27,1,266.91,0,Bangalore,Male,Month-to-month,DSL,UPI,No
CUST0331,56,55,2317.86,5,46.24,2,Pune,Female,One year,Fiber optic,UPI,No
CUST0332,58,64,1003.06,1,349.04,0,Bangalore,Female,Two year,DSL,Net Banking,No
CUST0333,31,65,365.67,1,360.59,2,Hyderabad,Female,Two year,DSL,Debit Card,No
CUST0334,53,67,2945.18,3,444.66,4,Mumbai,Female,Month-to-month,DSL,Credit Card,No
CUST0335,44,15,1469.91,4,22.36,0,Chennai,Male,Month-to-month,No,Net Banking,No
CUST0336,43,32,1431.83,4,327.04,0,Bangalore,Female,Two year,Fiber optic,Credit Card,Yes
CUST0337,35,68,1267.93,0,36.48,1,Hyderabad,Female,One year,Fiber optic,UPI,No
CUST0338,47,18,3421.19,1,422.18,1,Chennai,Male,Month-to-month,Fiber optic,Credit Card,Yes
CUST0339,31,43,844.37,2,38.16,1,Mumbai,Male,Two year,Fiber optic,Credit Card,Yes
CUST0340,37,35,3174.36,1,547.48,0,Chennai,Female,Two year,DSL,Net Banking,No
CUST0341,34,58,2785.77,1,422.74,1,Hyderabad,Male,Month-to-month,No,Credit Card,No
CUST0342,47,33,544.74,1,306.9,1,Chennai,Female,One year,Fiber optic,Net Banking,No
CUST0343,38,14,3457.53,5,267.69,1,Pune,Female,Month-to-month,Fiber optic,UPI,Yes
CUST0344,48,34,1168.37,3,82.75,1,Chennai,Male,Month-to-month,Fiber optic,Net Banking,Yes
CUST0345,67,61,615.47,4,178.14,2,Bangalore,Male,Month-to-month,No,Net Banking,No
CUST0346,67,4,2953.81,1,522.03,0,Bangalore,Female,One year,Fiber optic,Debit Card,Yes
CUST0347,24,59,2561.36,1,543.15,1,Pune,Female,Month-to-month,DSL,Credit Card,Yes
CUST0348,27,29,2275.1,1,5.44,1,Hyderabad,Female,Month-to-month,Fiber optic,UPI,Yes
CUST0349,65,6,799.14,1,358.51,2,Bangalore,Male,Month-to-month,Fiber optic,Net Banking,No
CUST0350,55,49,1831.19,1,432.98,2,Mumbai,Female,Month-to-month,No,UPI,No
CUST0351,68,40,2797.78,2,373.15,3,Bangalore,Female,Two year,No,Debit Card,No
CUST0352,29,65,1271.6,0,53.6,1,Bangalore,Female,Month-to-month,Fiber optic,Credit Card,Yes
CUST0353,28,69,1297.41,2,134.55,2,Hyderabad,Female,Month-to-month,No,Net Banking,Yes
CUST0354,65,27,310.05,7,153.95,0,Chennai,Female,One year,DSL,Credit Card,No
CUST0355,37,6,857.58,2,499.88,1,Bangalore,Male,Month-to-month,No,Debit Card,Yes
CUST0356,37,13,3101.3,3,280.6,0,Pune,Female,Month-to-month,Fiber optic,Debit Card,No
CUST0357,69,64,1713.59,1,294.66,0,Chennai,Female,Month-to-month,DSL,UPI,Yes
CUST0358,53,62,,2,561.26,0,Mumbai,Female,Month-to-month,Fiber optic,Net Banking,No
CUST0359,52,19,1566.27,2,384.07,1,,Female,Month-to-month,DSL,UPI,Yes
CUST0360,28,43,2588.6,3,539.71,0,Mumbai,Male,Month-to-month,Fiber optic,Debit Card,Yes
CUST0361,39,20,1202.14,1,276.62,0,Chennai,Male,Month-to-month,Fiber optic,,No
CUST0362,58,68,1464.19,4,93.91,0,Chennai,Male,Two year,Fiber optic,UPI,No
CUST0363,23,44,910.32,3,558.31,1,Chennai,Female,Month-to-month,DSL,UPI,Yes
CUST0364,25,23,1410.6,3,277.93,1,Mumbai,Female,One year,Fiber optic,Credit Card,No
CUST0365,33,2,2051.16,7,113.07,0,Chennai,Male,One year,DSL,UPI,No
CUST0366,67,22,3473.67,3,184.93,0,Mumbai,Male,Month-to-month,No,Credit Card,Yes
CUST0367,66,57,2425.45,5,35.23,0,Chennai,Male,One year,Fiber optic,Net Banking,No
CUST0368,51,7,937.59,3,283.64,2,Pune,Female,Month-to-month,DSL,Credit Card,Yes
CUST0369,36,56,443.88,2,512.61,1,Chennai,Female,Two year,Fiber optic,Net Banking,No
CUST0370,52,67,704.34,2,560.48,2,Mumbai,Male,Month-to-month,No,Credit Card,No
CUST0371,42,16,2100.18,1,559.9,1,Bangalore,Male,Month-to-month,Fiber optic,Debit Card,Yes
CUST0372,49,51,2748.51,3,79.51,2,Chennai,Male,Month-to-month,DSL,,No
CUST0373,42,12,3309.34,0,232.32,0,Bangalore,Female,Two year,DSL,Net Banking,No
CUST0374,63,53,350.63,1,21.8,0,Pune,Female,Month-to-month,No,Net Banking,No
CUST0375,23,5,1972.83,1,513.82,2,Hyderabad,Female,One year,DSL,Debit Card,No
CUST0376,30,27,1806.78,2,218.46,2,Pune,Male,Month-to-month,Fiber optic,Net Banking,No
CUST0377,62,12,2399.38,2,380.51,2,Chennai,Male,One year,DSL,Credit Card,Yes
CUST0378,41,17,2090.65,0,430.36,0,Bangalore,Female,Month-to-month,No,Credit Card,No
CUST0379,36,6,2498.53,3,260.76,1,Bangalore,Male,Two year,DSL,Debit Card,Yes
CUST0380,32,5,2405.86,1,187.33,1,Mumbai,Female,Month-to-month,Fiber optic,UPI,No
CUST0381,22,57,674.44,0,577.52,0,Bangalore,Male,Month-to-month,No,Credit Card,No
CUST0382,61,28,2859.1,3,578.87,2,Mumbai,Male,Month-to-month,DSL,Net Banking,Yes
CUST0383,44,69,694.34,2,177.21,2,Hyderabad,Male,Month-to-month,DSL,UPI,No
CUST0384,55,59,2535.3,0,290.38,0,Chennai,Male,One year,Fiber optic,UPI,Yes
CUST0385,50,33,1631.67,3,583.84,2,Mumbai,Female,Month-to-month,DSL,Credit Card,Yes
CUST0386,50,62,1944.32,2,7.9,3,Hyderabad,Male,One year,Fiber optic,Credit Card,No
CUST0387,67,50,3190.55,1,250.54,1,Bangalore,Female,Month-to-month,DSL,UPI,Yes
CUST0388,55,19,3147.63,2,64.77,3,Bangalore,Female,Month-to-month,Fiber optic,UPI,Yes
CUST0389,39,69,2917.14,2,307.95,0,Hyderabad,Female,Month-to-month,DSL,Debit Card,No
CUST0390,28,66,1932.47,3,19.68,0,Bangalore,Male,Month-to-month,No,Net Banking,No
CUST0391,46,47,2655.97,5,247.1,1,Hyderabad,Female,One year,Fiber optic,Debit Card,No
CUST0392,69,39,1941.27,2,136.32,1,Mumbai,Female,Month-to-month,No,Credit Card,No
CUST0393,60,68,3082.74,0,322.32,1,Mumbai,Female,Month-to-month,Fiber optic,Debit Card,No
CUST0394,27,33,1588.88,2,597.62,1,Hyderabad,Male,Two year,No,Debit Card,No
CUST0395,50,13,3404.75,0,481.32,0,Mumbai,Male,Two year,DSL,,No
CUST0396,27,54,3283.43,2,508.16,0,Mumbai,Female,Month-to-month,DSL,Debit Card,No
CUST0397,23,7,2673.13,3,382.98,0,Mumbai,Male,Month-to-month,DSL,Net Banking,Yes
CUST0398,21,14,1194.13,0,29.73,1,Pune,Female,One year,No,Net Banking,Yes
CUST0399,56,19,721.29,2,128.04,3,Chennai,Female,Month-to-month,Fiber optic,UPI,No
CUST0400,45,54,3035.05,1,555.41,1,Bangalore,Male,Month-to-month,Fiber optic,Credit Card,No
CUST0401,57,20,828.97,2,222.84,2,Pune,Female,Month-to-month,DSL,Debit Card,No
CUST0402,21,29,3033.63,3,66.66,1,Mumbai,Male,One year,DSL,UPI,No
CUST0403,35,24,1870.45,4,422.93,1,Hyderabad,Male,One year,DSL,UPI,No
CUST0404,57,63,1600.98,0,183.18,0,Mumbai,Female,Month-to-month,DSL,UPI,No
CUST0405,33,57,3190.21,0,164.97,3,Chennai,Male,Month-to-month,Fiber optic,Net Banking,No
CUST0406,60,8,2232.32,1,598.8,3,Mumbai,Male,Month-to-month,DSL,Debit Card,No
CUST0407,28,62,2145.16,1,515.59,0,Hyderabad,Female,One year,Fiber optic,Debit Card,No
CUST0408,25,29,2088.05,6,247.72,0,Chennai,Female,Month-to-month,DSL,Credit Card,Yes
CUST0409,29,17,1487.74,3,588.26,2,Mumbai,Male,Month-to-month,Fiber optic,Debit Card,No
CUST0410,21,66,2814.06,1,391.82,0,Chennai,Male,One year,Fiber optic,Debit Card,No
CUST0411,56,6,1108.96,3,446.5,0,Bangalore,Female,Month-to-month,Fiber optic,UPI,No
CUST0412,55,58,3304.46,2,23.75,1,Bangalore,Male,One year,Fiber optic,Credit Card,No
CUST0413,22,69,3160.75,1,77.36,0,Mumbai,Male,Month-to-month,DSL,Debit Card,No
CUST0414,60,28,1379.94,2,381.69,1,Chennai,Male,Month-to-month,Fiber optic,Net Banking,No
CUST0415,43,62,,3,539.92,1,Hyderabad,Male,Month-to-month,Fiber optic,Debit Card,No
CUST0416,29,41,2134.31,1,376.13,0,Mumbai,Male,One year,Fiber optic,UPI,No
CUST0417,54,69,1380.48,6,84.74,2,Bangalore,Male,Two year,Fiber optic,Net Banking,No
CUST0418,66,41,3463.27,2,73.88,1,Bangalore,Male,One year,Fiber optic,UPI,No
CUST0419,34,49,380.76,0,507.29,2,Mumbai,Female,Month-to-month,Fiber optic,Debit Card,No
CUST0420,24,49,1108.47,2,87.88,1,Chennai,Female,One year,DSL,Net Banking,No
CUST0421,50,71,1964.24,3,314.54,1,Bangalore,Female,Month-to-month,DSL,Credit Card,No
CUST0422,51,3,1970.25,1,27.08,1,Chennai,Female,Month-to-month,DSL,Credit Card,Yes
CUST0423,58,10,2184.59,3,53.0,1,Bangalore,Female,Two year,Fiber optic,Net Banking,No
CUST0424,31,35,,0,405.05,1,Bangalore,Male,Month-to-month,Fiber optic,Net Banking,No
CUST0425,55,2,2295.13,1,415.06,1,Pune,Male,Month-to-month,No,UPI,No
CUST0426,28,24,2220.9,2,208.17,1,Bangalore,Male,Month-to-month,DSL,Net Banking,No
CUST0427,23,38,471.25,1,133.29,1,Hyderabad,Male,Month-to-month,Fiber optic,UPI,No
CUST0428,34,22,1504.9,1,489.16,1,Mumbai,Female,Month-to-month,Fiber optic,Debit Card,Yes
CUST0429,33,26,1042.58,3,134.18,0,Mumbai,Male,One year,Fiber optic,UPI,No
CUST0430,65,43,1149.18,3,327.51,0,Chennai,Male,Month-to-month,Fiber optic,Net Banking,No
CUST0431,52,55,2073.88,1,581.08,2,Bangalore,Female,Two year,Fiber optic,Net Banking,No
CUST0432,54,39,938.42,0,92.97,0,Hyderabad,Male,One year,DSL,Debit Card,No
CUST0433,65,29,1240.64,2,564.82,1,Chennai,Male,Month-to-month,DSL,Net Banking,Yes
CUST0434,39,20,1058.67,5,113.82,1,Pune,Female,Month-to-month,DSL,Net Banking,No
CUST0435,58,41,3335.21,0,342.63,1,Chennai,Male,Month-to-month,DSL,Credit Card,No
CUST0436,36,54,3322.93,1,229.32,2,Chennai,Male,One year,DSL,Credit Card,No
CUST0437,22,20,2251.81,2,579.13,0,Bangalore,Male,Month-to-month,DSL,Debit Card,Yes
CUST0438,60,19,3258.47,1,167.76,2,Pune,Male,One year,No,UPI,No
CUST0439,37,66,2814.6,3,242.8,0,Chennai,Male,Month-to-month,Fiber optic,Credit Card,No
CUST0440,54,30,2187.83,2,589.8,1,Hyderabad,Female,One year,Fiber optic,UPI,No
CUST0441,62,53,320.59,2,324.2,1,Hyderabad,Female,Month-to-month,Fiber optic,Net Banking,No
CUST0442,36,34,2772.05,4,304.06,3,Mumbai,Female,Month-to-month,DSL,Credit Card,Yes
CUST0443,58,22,2547.96,4,158.38,1,Pune,Female,Two year,No,Debit Card,No
CUST0444,22,67,2268.81,0,422.31,1,Pune,Female,One year,Fiber optic,Debit Card,No
CUST0445,22,6,2733.36,3,13.55,0,Mumbai,Female,Month-to-month,No,Debit Card,No
CUST0446,46,27,1941.35,3,34.46,1,Chennai,Male,Two year,Fiber optic,Credit Card,No
CUST0447,33,10,2553.07,1,361.62,3,Pune,Female,Month-to-month,No,UPI,Yes
CUST0448,67,48,3292.55,4,208.3,2,Hyderabad,Female,Two year,Fiber optic,Net Banking,No
CUST0449,51,70,1502.58,3,572.22,1,Hyderabad,Male,One year,Fiber optic,UPI,No
CUST0450,54,59,2565.99,1,542.4,2,Bangalore,Male,Month-to-month,Fiber optic,UPI,No
CUST0451,59,59,1822.2,1,429.66,1,Pune,Female,Month-to-month,Fiber optic,Net Banking,No
CUST0452,23,2,2458.08,1,491.8,1,Chennai,Male,Month-to-month,Fiber optic,Net Banking,Yes
CUST0453,28,29,2741.26,1,402.06,0,Mumbai,Female,Month-to-month,Fiber optic,Credit Card,No
CUST0454,43,68,445.45,1,79.72,1,Mumbai,Male,One year,DSL,Credit Card,No
CUST0455,34,65,2369.12,1,460.5,1,Chennai,Female,Month-to-month,DSL,Credit Card,No
CUST0456,47,26,1025.57,1,130.06,1,Bangalore,Male,Month-to-month,Fiber optic,Credit Card,Yes
CUST0457,49,10,2444.1,6,197.45,2,Mumbai,Male,One year,DSL,Credit Card,No
CUST0458,59,53,1798.66,2,492.44,0,Pune,Female,Two year,DSL,Net Banking,No
CUST0459,59,59,2775.37,0,324.23,1,Bangalore,Female,Month-to-month,Fiber optic,UPI,No
CUST0460,21,22,694.88,2,516.66,1,Pune,Female,Month-to-month,Fiber optic,Credit Card,No
CUST0461,37,51,2304.23,1,131.76,3,Hyderabad,Female,Month-to-month,Fiber optic,Credit Card,No
CUST0462,61,48,1191.11,2,366.63,0,Bangalore,Female,Month-to-month,Fiber optic,UPI,No
CUST0463,50,21,3029.54,3,54.86,1,Mumbai,Male,Two year,DSL,Credit Card,No
CUST0464,33,22,3270.83,2,387.62,0,Bangalore,Female,Month-to-month,Fiber optic,UPI,Yes
CUST0465,41,30,3488.47,1,458.71,0,Bangalore,Female,One year,DSL,UPI,No
CUST0466,39,25,2847.22,4,353.03,1,Bangalore,Male,Month-to-month,DSL,Net Banking,Yes
CUST0467,39,28,2711.95,2,163.41,0,Bangalore,Male,One year,Fiber optic,Debit Card,No
CUST0468,45,65,989.6,5,23.65,0,Pune,Female,One year,DSL,Net Banking,Yes
CUST0469,42,45,1375.22,0,76.07,2,Hyderabad,Male,One year,Fiber optic,Debit Card,No
CUST0470,51,68,1790.18,1,375.27,1,Chennai,Male,Month-to-month,No,Debit Card,Yes
CUST0471,37,7,2774.82,0,560.98,0,Bangalore,Female,Month-to-month,Fiber optic,Debit Card,No
CUST0472,43,49,3227.89,2,127.89,0,Mumbai,Male,Month-to-month,DSL,Credit Card,No
CUST0473,52,9,905.25,1,442.34,2,Bangalore,Male,Two year,DSL,Net Banking,No
CUST0474,30,36,3251.58,2,520.54,1,Mumbai,Female,Two year,Fiber optic,Debit Card,No
CUST0475,30,1,2526.0,2,314.92,2,Pune,Female,One year,DSL,UPI,No
CUST0476,56,10,2254.47,2,403.21,0,Mumbai,Male,One year,No,Credit Card,No
CUST0477,28,36,939.49,3,489.93,1,Chennai,Male,One year,DSL,Net Banking,No
CUST0478,40,46,477.68,1,160.1,3,Hyderabad,Female,Month-to-month,DSL,Debit Card,Yes
CUST0479,52,32,2119.09,1,181.65,0,Mumbai,Male,Two year,No,UPI,No
CUST0480,34,32,2384.85,3,5.37,1,Mumbai,Male,Month-to-month,Fiber optic,Net Banking,Yes
CUST0481,48,6,974.5,2,578.04,1,Hyderabad,Male,Month-to-month,Fiber optic,Net Banking,No
CUST0482,66,48,2080.66,5,550.94,0,Chennai,Female,Month-to-month,DSL,Credit Card,No
CUST0483,44,38,3040.78,2,459.92,0,,Male,Month-to-month,Fiber optic,Net Banking,Yes
CUST0484,35,17,2972.21,0,52.05,1,Mumbai,Male,Month-to-month,DSL,Credit Card,No
CUST0485,42,27,3267.54,1,271.26,2,Hyderabad,Female,One year,No,Debit Card,Yes
CUST0486,50,54,1470.83,2,65.63,1,Pune,Male,Month-to-month,Fiber optic,Credit Card,No
CUST0487,24,50,1317.76,2,14.47,1,Hyderabad,Male,One year,Fiber optic,UPI,No
CUST0488,33,35,2698.16,4,371.63,1,Pune,Female,Month-to-month,DSL,Credit Card,No
CUST0489,43,25,1679.56,2,576.69,3,Chennai,Female,Month-to-month,Fiber optic,UPI,Yes
CUST0490,28,28,580.16,2,542.21,1,Bangalore,Female,Month-to-month,DSL,Credit Card,No
CUST0491,38,15,1204.96,1,419.57,1,Hyderabad,Female,Month-to-month,Fiber optic,Net Banking,No
CUST0492,32,4,1639.46,3,62.5,4,Mumbai,Male,One year,DSL,Debit Card,Yes
CUST0493,51,27,1236.05,3,168.13,1,Chennai,Male,Month-to-month,Fiber optic,UPI,No
CUST0494,34,26,1363.06,4,195.43,2,Hyderabad,Female,One year,DSL,Credit Card,No
CUST0495,54,19,1240.08,5,459.07,1,Mumbai,Female,Month-to-month,Fiber optic,Credit Card,No
CUST0496,38,17,432.8,0,482.34,0,Hyderabad,Male,One year,DSL,Credit Card,No
CUST0497,54,43,2338.7,0,234.14,1,Pune,Female,Two year,Fiber optic,Net Banking,No
CUST0498,31,41,2211.34,3,253.64,0,Hyderabad,Male,One year,DSL,Net Banking,No
CUST0499,61,42,2390.83,0,31.48,2,Hyderabad,Female,Month-to-month,No,UPI,Yes
CUST0500,32,50,915.39,2,177.04,0,Hyderabad,Male,Month-to-month,Fiber optic,UPI,No
CUST0501,69,40,1246.09,4,273.51,1,Chennai,Female,Month-to-month,Fiber optic,Net Banking,No
CUST0502,35,39,2282.77,3,74.6,1,Hyderabad,Female,One year,Fiber optic,UPI,No
CUST0503,51,23,2218.81,0,274.69,2,Mumbai,Male,Month-to-month,DSL,Debit Card,Yes
CUST0504,69,52,1920.26,0,512.64,2,Pune,Female,Month-to-month,DSL,Debit Card,No
CUST0505,49,47,1421.32,2,350.89,1,Pune,Male,One year,DSL,Net Banking,No
CUST0506,46,63,3221.38,2,51.96,2,Hyderabad,Male,Month-to-month,Fiber optic,,Yes
CUST0507,38,69,1387.26,1,119.04,1,Chennai,Male,One year,Fiber optic,Credit Card,No
CUST0508,52,43,1757.98,2,287.35,0,Chennai,Male,Month-to-month,DSL,Debit Card,No
CUST0509,42,48,2469.96,0,220.08,2,Mumbai,Male,Month-to-month,Fiber optic,Net Banking,No
CUST0510,58,34,2037.67,3,218.44,1,Hyderabad,Female,One year,No,UPI,No
CUST0511,37,40,1410.04,0,319.91,1,Pune,Female,Month-to-month,Fiber optic,Net Banking,No
CUST0512,43,61,1694.06,0,352.72,0,Chennai,Male,One year,DSL,Credit Card,No
CUST0513,44,50,2842.34,1,479.13,1,Hyderabad,Female,Month-to-month,Fiber optic,Debit Card,Yes
CUST0514,28,67,1190.01,2,207.88,1,Chennai,Male,Month-to-month,Fiber optic,Net Banking,No
CUST0515,61,62,755.22,1,484.25,0,Chennai,Female,One year,DSL,Net Banking,No
CUST0516,26,58,1302.12,4,206.47,0,Pune,Female,One year,DSL,Net Banking,No
CUST0517,25,33,3018.51,5,37.98,1,Bangalore,Female,One year,No,Credit Card,No
CUST0518,64,16,584.77,1,334.74,4,Mumbai,Female,Month-to-month,Fiber optic,Net Banking,No
CUST0519,49,48,3473.43,2,354.8,0,Mumbai,Male,One year,Fiber optic,Credit Card,Yes
CUST0520,48,10,2031.21,3,561.05,1,Pune,Male,Month-to-month,DSL,Credit Card,No
CUST0521,31,38,3451.51,3,437.01,3,Chennai,Female,Month-to-month,DSL,Credit Card,No
CUST0522,21,19,3304.79,2,551.07,1,Hyderabad,Female,Two year,Fiber optic,Debit Card,No
CUST0523,63,36,1749.0,0,545.47,1,Chennai,Male,Month-to-month,Fiber optic,Debit Card,No
CUST0524,39,59,935.17,0,364.72,1,Pune,Female,Two year,Fiber optic,Net Banking,No
CUST0525,29,63,,0,319.02,3,Mumbai,Male,Month-to-month,No,Net Banking,No
CUST0526,47,46,1067.97,3,336.68,2,Chennai,Male,Month-to-month,Fiber optic,Debit Card,No
CUST0527,54,3,2572.42,1,587.11,0,Mumbai,Male,Month-to-month,Fiber optic,UPI,No
CUST0528,64,65,1173.44,5,465.03,0,Hyderabad,Female,Two year,Fiber optic,Debit Card,No
CUST0529,24,8,1392.56,2,68.23,0,Mumbai,Male,One year,Fiber optic,Credit Card,No
CUST0530,56,51,1736.09,3,468.16,2,Mumbai,Female,One year,Fiber optic,Debit Card,No
CUST0531,38,6,3222.34,4,106.47,2,Bangalore,Male,One year,DSL,Credit Card,No
CUST0532,35,39,906.06,0,271.17,2,Bangalore,Female,One year,Fiber optic,Net Banking,No
CUST0533,33,60,316.08,0,130.22,0,Bangalore,Female,One year,DSL,UPI,No
CUST0534,39,28,492.31,0,415.3,1,Mumbai,Female,Month-to-month,Fiber optic,Net Banking,No
CUST0535,69,54,3195.25,1,527.0,1,Pune,Male,Month-to-month,DSL,Credit Card,No
CUST0536,26,37,2372.05,1,177.77,1,Mumbai,Male,Month-to-month,No,Credit Card,No
CUST0537,68,9,1173.73,1,53.8,0,Pune,Female,Two year,DSL,Credit Card,No
CUST0538,32,56,867.02,1,182.6,1,Pune,Female,Two year,DSL,UPI,No
CUST0539,57,59,1241.65,2,405.06,3,Bangalore,Female,Month-to-month,Fiber optic,Debit Card,No
CUST0540,37,2,667.35,1,200.61,2,Chennai,Male,One year,Fiber optic,Net Banking,No
CUST0541,43,61,3312.91,1,170.48,0,Hyderabad,Male,Two year,DSL,Net Banking,No
CUST0542,46,58,2809.46,3,114.74,1,Bangalore,Male,Month-to-month,No,Debit Card,Yes
CUST0543,49,60,1779.65,1,301.02,0,Bangalore,Male,One year,DSL,Net Banking,No
CUST0544,53,40,3067.88,2,169.19,0,Chennai,Female,Two year,DSL,UPI,No
CUST0545,47,36,1098.27,1,439.95,1,Hyderabad,Female,Month-to-month,DSL,Net Banking,No
CUST0546,45,37,2594.79,2,50.59,2,Mumbai,Male,One year,Fiber optic,Credit Card,Yes
CUST0547,30,18,3039.62,3,400.1,0,Mumbai,Male,Month-to-month,Fiber optic,Debit Card,No
CUST0548,67,63,1441.66,3,146.35,4,Bangalore,Female,Two year,DSL,UPI,No
CUST0549,43,22,2723.89,0,296.12,1,Hyderabad,Male,Two year,No,Debit Card,No
CUST0550,41,11,1244.23,2,175.22,0,Bangalore,Male,Two year,Fiber optic,UPI,No
CUST0551,41,58,1256.34,0,435.05,1,Pune,Male,Month-to-month,DSL,Credit Card,No
CUST0552,63,57,642.58,3,567.46,0,Bangalore,Male,Two year,Fiber optic,Debit Card,No
CUST0553,33,4,1708.19,3,550.66,1,Bangalore,Male,One year,DSL,Net Banking,No
CUST0554,57,7,2635.08,1,352.14,1,Mumbai,Male,Month-to-month,Fiber optic,UPI,Yes
CUST0555,53,61,3308.71,0,280.25,0,Mumbai,Female,One year,Fiber optic,Debit Card,No
CUST0556,44,54,2232.15,1,491.89,0,Mumbai,Male,Month-to-month,DSL,Net Banking,No
CUST0557,64,68,3062.03,1,411.58,0,Pune,Male,One year,Fiber optic,Debit Card,Yes
CUST0558,31,1,2931.98,1,114.22,0,Mumbai,Female,Month-to-month,DSL,Debit Card,Yes
CUST0559,37,55,854.7,2,493.45,1,Hyderabad,Female,Month-to-month,DSL,Debit Card,No
CUST0560,24,3,1854.62,4,260.19,3,Chennai,Female,Month-to-month,No,UPI,Yes
CUST0561,67,38,674.16,2,117.45,0,,Male,One year,Fiber optic,Net Banking,No
CUST0562,45,1,2482.89,3,172.67,3,Hyderabad,Female,Month-to-month,Fiber optic,Credit Card,Yes
CUST0563,50,38,3339.68,2,164.18,3,Mumbai,Male,One year,Fiber optic,UPI,No
CUST0564,29,29,738.69,3,313.93,2,Chennai,Male,Month-to-month,No,UPI,Yes
CUST0565,41,5,2648.43,3,144.45,2,Chennai,Male,Month-to-month,No,UPI,No
CUST0566,40,21,2323.16,0,78.52,1,Chennai,Female,Month-to-month,DSL,Credit Card,Yes
CUST0567,39,71,2167.54,1,78.6,3,Pune,Female,One year,DSL,Net Banking,Yes
CUST0568,39,67,1548.38,2,352.05,1,Mumbai,Female,Month-to-month,DSL,Net Banking,No
CUST0569,32,47,1436.42,3,442.18,0,Chennai,Female,One year,DSL,Net Banking,No
CUST0570,57,35,444.8,0,196.31,0,Pune,Female,Two year,Fiber optic,Debit Card,No
CUST0571,62,68,997.31,1,25.62,1,Bangalore,Male,One year,DSL,Debit Card,Yes
CUST0572,37,69,348.57,4,80.7,1,Bangalore,Male,Month-to-month,Fiber optic,Debit Card,No
CUST0573,57,1,2160.53,2,549.24,1,Pune,Male,Month-to-month,DSL,Credit Card,Yes
CUST0574,68,68,638.73,1,298.66,0,Pune,Male,Two year,DSL,Debit Card,No
CUST0575,59,12,3093.66,1,274.88,0,Mumbai,Female,Month-to-month,DSL,Credit Card,No
CUST0576,48,60,1974.06,1,27.64,3,Mumbai,Female,Two year,Fiber optic,Net Banking,No
CUST0577,61,27,2539.01,3,438.54,0,Bangalore,Male,Month-to-month,Fiber optic,Debit Card,Yes
CUST0578,55,56,1614.74,1,319.2,1,Chennai,Female,Two year,Fiber optic,Debit Card,No
CUST0579,67,23,2093.86,2,125.24,1,Bangalore,Female,One year,Fiber optic,UPI,No
CUST0580,68,25,3316.51,5,70.49,0,Chennai,Male,Two year,Fiber optic,Credit Card,Yes
CUST0581,38,21,564.75,0,233.12,3,Chennai,Male,Month-to-month,No,Net Banking,Yes
CUST0582,34,61,1112.6,3,503.11,0,Mumbai,Female,One year,DSL,UPI,No
CUST0583,55,63,2795.96,2,519.85,1,Hyderabad,Female,Month-to-month,Fiber optic,UPI,No
CUST0584,64,52,615.96,1,363.69,0,Hyderabad,Male,Month-to-month,Fiber optic,Net Banking,No
CUST0585,61,25,542.12,1,437.88,0,Pune,Male,One year,Fiber optic,UPI,No
CUST0586,27,55,1456.93,3,73.52,0,Mumbai,Male,Two year,DSL,Credit Card,No
CUST0587,61,46,594.94,1,354.94,3,Chennai,Female,Two year,DSL,Credit Card,No
CUST0588,33,32,2172.25,1,401.84,1,Hyderabad,Male,One year,No,Debit Card,No
CUST0589,38,55,1024.08,1,124.42,2,Chennai,Male,Month-to-month,Fiber optic,UPI,Yes
CUST0590,57,5,3166.23,2,528.69,1,Hyderabad,Female,Month-to-month,No,Debit Card,No
CUST0591,33,36,2807.2,1,121.02,0,Hyderabad,Female,One year,No,UPI,No
CUST0592,56,49,2539.06,2,191.52,2,Hyderabad,Female,Month-to-month,Fiber optic,Credit Card,No
CUST0593,51,58,2274.22,3,374.23,1,Mumbai,Female,Month-to-month,No,Credit Card,No
CUST0594,22,39,3063.09,2,384.82,0,Bangalore,Female,Month-to-month,Fiber optic,Credit Card,No
CUST0595,36,61,1013.8,3,421.13,0,Chennai,Male,Month-to-month,DSL,UPI,No
CUST0596,29,9,3093.95,2,71.65,1,Mumbai,Male,Month-to-month,Fiber optic,,Yes
CUST0597,29,6,2826.38,1,510.43,1,Mumbai,Female,Month-to-month,No,UPI,No
CUST0598,58,35,2694.11,2,322.04,2,Mumbai,Female,Month-to-month,No,Debit Card,No
CUST0599,31,39,2096.02,3,285.44,0,Mumbai,Female,Month-to-month,DSL,UPI,No
CUST0600,42,22,1087.98,2,588.75,1,Mumbai,Female,Two year,DSL,Debit Card,No
